"State/ UT Name","Foodgrains(cereals) - Rice - 2009-10","Foodgrains(cereals) - Rice - 2010-11","Foodgrains(cereals) - Rice - 2011-12","Foodgrains(cereals) - Rice - 2012-13","Foodgrains(cereals) - Rice - 2013-14","Foodgrains(cereals) - Rice - 2014-15","Foodgrains(cereals) - Rice (Total) - 2015-16","Foodgrains(cereals) - Wheat - 2009-10","Foodgrains(cereals) - Wheat - 2010-11","Foodgrains(cereals) - Wheat - 2011-12","Foodgrains(cereals) - Wheat - 2012-13","Foodgrains(cereals) - Wheat - 2013-14","Foodgrains(cereals) - Wheat (Rabi) - 2014-15","Foodgrains(cereals) - Wheat (Rabi) - 2015-16","Foodgrains(cereals) - Jowar - 2009-10","Foodgrains(cereals) - Jowar - 2010-11","Foodgrains(cereals) - Jowar - 2011-12","Foodgrains(cereals) - Jowar - 2012-13","Foodgrains(cereals) - Jowar - 2013-14","Foodgrains(cereals) - Jowar (Total) - 2014-15","Foodgrains(cereals) - Jowar (Total) - 2015-16","Foodgrains(cereals) - Bajra - 2009-10","Foodgrains(cereals) - Bajra - 2010-11","Foodgrains(cereals) - Bajra - 2011-12","Foodgrains(cereals) - Bajra - 2012-13","Foodgrains(cereals) - Bajra - 2013-14","Foodgrains(cereals) - Bajra (Kharif) - 2014-15","Foodgrains(cereals) - Bajra (Kharif) - 2015-16","Foodgrains(cereals) - Maize - 2009-10","Foodgrains(cereals) - Maize - 2010-11","Foodgrains(cereals) - Maize - 2011-12","Foodgrains(cereals) - Maize - 2012-13","Foodgrains(cereals) - Maize - 2013-14","Foodgrains(cereals) - Maize (Total) - 2014-15","Foodgrains(cereals) - Maize (Total) - 2015-16","Foodgrains(cereals) - Ragi - 2009-10","Foodgrains(cereals) - Ragi - 2010-11","Foodgrains(cereals) - Ragi - 2011-12","Foodgrains(cereals) - Ragi - 2012-13","Foodgrains(cereals) - Ragi - 2013-14","Foodgrains(cereals) - Ragi (Kharif) - 2014-15","Foodgrains(cereals) - Ragi (Kharif) - 2015-16","Foodgrains(cereals) - Small Millets - 2009-10","Foodgrains(cereals) - Small Millets - 2010-11","Foodgrains(cereals) - Small Millets - 2011-12","Foodgrains(cereals) - Small Millets - 2012-13","Foodgrains(cereals) - Small Millets - 2013-14","Foodgrains(cereals) - Small Millets (Kharif) - 2014-15","Foodgrains(cereals) - Small Millets (Kharif) - 2015-16","Foodgrains(cereals) - Barley - 2009-10","Foodgrains(cereals) - Barley - 2010-11","Foodgrains(cereals) - Barley - 2011-12","Foodgrains(cereals) - Barley - 2012-13","Foodgrains(cereals) - Barley - 2013-14","Foodgrains(cereals) - Barley (Rabi) - 2014-15","Foodgrains(cereals) - Barley (Rabi) - 2015-16","Cereals Total - 2009-10","Cereals Total - 2010-11","Cereals Total - 2011-12","Cereals Total - 2012-13","Cereals Total - 2013-14","Coarse Cereals (Total) - 2014-15","Coarse Cereals (Total) - 2015-16","Foodgrains(pulses) - Tur - 2009-10","Foodgrains(pulses) - Tur - 2010-11","Foodgrains(pulses) - Tur - 2011-12","Foodgrains(pulses) - Tur - 2012-13","Foodgrains(pulses) - Tur - 2013-14","Foodgrains(pulses) - Tur (Kharif) - 2014-15","Foodgrains(pulses) - Tur (Kharif) - 2015-16","Foodgrains(pulses) - Gram - 2009-10","Foodgrains(pulses) - Gram - 2010-11","Foodgrains(pulses) - Gram - 2011-12","Foodgrains(pulses) - Gram - 2012-13","Foodgrains(pulses) - Gram - 2013-14","Foodgrains(pulses) - Gram (Rabi) - 2014-15","Foodgrains(pulses) - Gram (Rabi) - 2015-16","Foodgrains(pulses) - Other Pulses - 2009-10","Foodgrains(pulses) - Other Pulses - 2010-11","Foodgrains(pulses) - Other Pulses - 2011-12","Foodgrains(pulses) - Other Pulses - 2012-13","Foodgrains(pulses) - Other Pulses - 2013-14","Foodgrains(pulses) - Other Pulses (Total) - 2014-15","Foodgrains(pulses) - Other Pulses (Total) - 2015-16","Pulses Total - 2009-10","Pulses Total - 2010-11","Pulses Total - 2011-12","Pulses Total - 2012-13","Pulses Total - 2013-14","Pulses Total - 2014-15","Pulses Total - 2015-16","Total Foodgrains - 2009-10","Total Foodgrains - 2010-11","Total Foodgrains - 2011-12","Total Foodgrains - 2012-13","Total Foodgrains - 2013-14","Total Foodgrains - 2014-15","Total Foodgrains - 2015-16","Oilseeds - Groundnuts - 2009-10","Oilseeds - Groundnuts - 2010-11","Oilseeds - Groundnuts - 2011-12","Oilseeds - Groundnuts - 2012-13","Oilseeds - Groundnuts - 2013-14","Oilseeds - Groundnut (Total) - 2014-15","Oilseeds - Groundnut (Total) - 2015-16","Oilseeds - Sesamum - 2009-10","Oilseeds - Sesamum - 2010-11","Oilseeds - Sesamum - 2011-12","Oilseeds - Sesamum - 2012-13","Oilseeds - Sesamum - 2013-14","Oilseeds - Sesamum (Kharif) - 2014-15","Oilseeds - Sesamum (Kharif) - 2015-16","Oilseeds - Rapeseed - 2009-10","Oilseeds - Rapeseed - 2010-11","Oilseeds - Rapeseed - 2011-12","Oilseeds - Rapeseed - 2012-13","Oilseeds - Rapeseed - 2013-14","Oilseeds - Linseed - 2009-10","Oilseeds - Linseed - 2010-11","Oilseeds - Linseed - 2011-12","Oilseeds - Linseed - 2012-13","Oilseeds - Linseed - 2013-14","Oilseeds - Linseed (Rabi) - 2014-15","Oilseeds - Linseed (Rabi) - 2015-16","Oilseeds - Castorseed - 2009-10","Oilseeds - Castorseed - 2010-11","Oilseeds - Castorseed - 2011-12","Oilseeds - Castorseed - 2012-13","Oilseeds - Castorseed - 2013-14","Oilseeds - Castorseed (Kharif) - 2014-15","Oilseeds - Castorseed (Kharif) - 2015-16","Nine Oilseed Total - 2009-10","Nine Oilseed Total - 2010-11","Nine Oilseed Total - 2011-12","Nine Oilseed Total - 2012-13","Nine Oilseed Total - 2013-14","Total Oilseeds (Total) - 2014-15","Total Oilseeds (Total) - 2015-16","Sugarcane - 2009-10","Sugarcane - 2010-11","Sugarcane - 2011-12","Sugarcane - 2012-13","Sugarcane - 2013-14","Sugarcane - 2014-15","Sugarcane - 2015-16","Cotton - 2009-10","Cotton - 2010-11","Cotton - 2011-12","Cotton - 2012-13","Cotton - 2013-14","Cotton - 2014-15","Cotton - 2015-16","Jute - 2009-10","Jute - 2010-11","Jute - 2011-12","Jute - 2012-13","Jute - 2013-14","Jute - 2014-15","Jute - 2015-16","Mesta - 2009-10","Mesta - 2010-11","Mesta - 2011-12","Mesta - 2012-13","Mesta - 2013-14","Mesta - 2014-15","Mesta - 2015-16","Tobacco - 2009-10","Tobacco - 2010-11","Tobacco - 2011-12","Tobacco - 2012-13","Tobacco - 2013-14","Tea - 2009-10","Tea - 2010-11","Tea - 2011-12","Tea - 2012-13","Tea - 2013-14","Tea - 2014-15","Tea (P) - 2015-16","Banana - 2009-10","Banana - 2010-11","Banana - 2011-12","Banana - 2012-13","Banana - 2013-14","Potatoe - 2009-10","Potatoe - 2010-11","Potatoe - 2011-12","Potatoe - 2012-13","Potatoe - 2013-14","Coconut - 2009-10","Coconut - 2010-11","Coconut - 2011-12","Coconut - 2012-13","Coconut - 2013-14","Pepper - 2009-10","Pepper - 2010-11","Pepper - 2011-12","Pepper - 2012-13","Pepper - 2013-14","Chillies - 2009-10","Chillies - 2010-11","Chillies - 2011-12","Chillies - 2012-13","Chillies - 2013-14","Turmeric - 2009-10","Turmeric - 2010-11","Turmeric - 2011-12","Turmeric - 2012-13","Turmeric - 2013-14","Ginger - 2009-10","Ginger - 2010-11","Ginger - 2011-12","Ginger - 2012-13","Ginger - 2013-14","Urad (Total) - 2014-15","Urad (Total) - 2015-16","Moong (Total) - 2014-15","Moong (Total) - 2015-16","Nigerseed (Kharif) - 2014-15","Nigerseed (Kharif) - 2015-16","Soyabean (Kharif) - 2014-15","Soyabean (Kharif) - 2015-16","Sunflower (Total) - 2014-15","Sunflower (Total) - 2015-16","R & M (Rabi) - 2014-15","R & M (Rabi) - 2015-16","Safflower (Rabi) - 2014-15","Safflower (Rabi) - 2015-16","Jute & Mesta - 2014-15","Jute & Mesta - 2015-16"
"Andhra Pradesh","3062.5","3034.7","3148.2","3172.5","2921.2","3022","3466","1000","1300","1375","1250","500","NA","NA","1135.1","1212.6","1601.8","1642.7","1660.8","2016","1691","1177.8","1507.5","1348.8","1656.7","1596.9","1357","1757","3527.5","5317.2","4233.8","4994.9","4833.2","6396","6069","1177.8","1190.5","952.4","1097.6","1045.5","1030","1097","520","966.7","1000","973.7","785.7","700","922","NA","NA","NA","NA","NA","NA","NA","2929","3200","3198","3380","3167.9","4392","3525","438.4","414.8","302.9","524","542.4","503","586","1307.6","1232.9","920.4","1118.9","1438.6","1143","1062","462.3","500.6","638","773.1","728.8","641","554","739.6","675.5","637","832.7","927.6","911","846","2294","2530","2519","2670","2661","2648","2555","773.3","898.9","645.8","829","891.8","564","1035","222.2","208","277.8","313.4","341.2","329","264","500","520","667","500","600","NA","NA","NA","NA","480","NA","NA","432.4","643.6","204.7","502.4","648","563","569","723.9","860.6","650.2","848.9","928.6","557","955","74101.3","77937.5","81794.1","79423.5","80130.2","71849","76328","374","479.5","443.3","520.6","495","588","613","NA","NA","NA","NA","NA","NA","NA","1501.8","1612.8","1398.5","1536","1680","1286","1476","1809","1790","1962","2000","1930.1","NA","NA","NA","NA","NA","NA","NA","349.8","351.3","349.3","NA","350","NA","194","196","NA","200","64.1","NA","89.4","NA","103.2","NA","2","NA","NA","NA","32.9","30","NA","NA","45.8","63.6","62","NA","NA","85.2","44.2","71.9","NA","NA","38.3","946","901","825","646","450","429","2000","1000","800","885","500","1000","1000","NA","1286","1476"
"Arunachal Pradesh","1776.6","1924.8","2064.8","2085.9","2092.4","NA","NA","1504.7","1594.6","1756.8","1498.5","1510.1","NA","NA","NA","NA","NA","NA","NA","NA","NA","NA","NA","NA","NA","NA","NA","NA","1379.8","1434.6","1473.1","1436","1467","NA","NA","NA","NA","NA","NA","NA","NA","NA","859.8","925.1","1000","1032.4","1049.8","NA","NA","NA","NA","NA","NA","NA","NA","NA","1577","1691","1799","1802","1824.6","NA","NA","833.3","833.3","878.8","967.6","1000","NA","NA","NA","NA","NA","NA","NA","NA","NA","1108.4","1024.1","1111.1","1130.4","1157.6","NA","NA","1089.9","1055.3","1105.3","1121.9","1149.5","NA","NA","1555","1663","1767","1772","1794.1","NA","NA","800","730","882.4","876.4","949.2","NA","NA","636.4","727.3","805.3","0","818.8","NA","NA","918.9","893.4","985","904.8","936.3","NA","NA","NA","NA","NA","NA","NA","NA","NA","NA","NA","NA","NA","NA","926.8","919.8","1015.4","909.4","957.6","NA","NA","18066.7","19333.3","19354.8","19706.5","19455.1","NA","NA","NA","NA","NA","NA","NA","NA","NA","NA","NA","NA","NA","NA","NA","NA","NA","NA","NA","NA","NA","NA","NA","NA","NA","NA","NA","NA","16.2","NA","NA","NA","NA","NA","NA","NA","26","30","NA","30.6","NA","80","80","NA","NA","NA","64.1","NA","NA","NA","NA","NA","NA","NA","NA","14.2","21.2","NA","NA","17.6","40","47.7","NA","NA","44.7","73.9","77.9","NA","NA","81.4","NA","NA","NA","NA","NA","NA","NA","NA","NA","NA","NA","NA","NA","NA","NA","NA"
"Assam","1737.2","1842.8","1780.2","2061.1","2011.8","2093","2084","1087.3","1178.6","1147","1303.9","1292.4","1217","1167","NA","NA","NA","NA","NA","NA","NA","NA","NA","NA","NA","NA","NA","NA","726","722.2","719.2","897","898.1","3333","2560","NA","NA","NA","NA","NA","NA","NA","469.7","511","509.8","494.4","614","603","600","NA","NA","NA","NA","NA","NA","NA","1712","1821","1756","2038","1989.1","2895","2233","709","718.3","714","828.9","920.1","949","833","516.7","500","508.6","557.5","697.6","934","NA","552.7","546.9","571.4","587.9","685.4","NA","747","560.7","554.7","572.7","597.7","695.1","749","684","1662","1763","1704","1962","1916.1","2021","1995","NA","NA","NA","NA","NA","NA","NA","562.5","563","565.9","702","732.5","758","750","525.1","581","560","609.6","605.3","517","521.1","520.2","568.2","642.7","703","667","416.7","422.3","428.6","533.3","511.4","591","1000","525.5","576","557.3","609.9","610.9","670","605","39077.5","36196","38611","35613.4","36972.8","36760","35931","80","#","#","#","#","NA","NA","1971.7","1806.9","1669","1543.1","1849.1","1962","2165","727.2","910.8","916.9","1008.1","1187.4","1006","1125","532","531","528","536","NA","15.5","14.9","NA","NA","20.7","20","21","150.8","150.8","152","NA","168.8","68.1","85.2","88","NA","71.5","53.7","53.7","92.9","NA","46.5","NA","19.8","NA","NA","5.7","6.4","7.4","NA","NA","8.7","7.3","8.3","NA","NA","9.7","NA","71.9","NA","NA","78","648","600","687","643","619","571","NA","NA","NA","NA","667","596","NA","NA","1904","2110"
"Bihar","1120","1095.2","2154.9","2282.4","1758.6","1948","2019","2084","1948","2206","2426.6","2358.4","1851","2205","1040.2","1064.5","1064.4","1072","1065","1068","1068","1108.5","1102","1113.3","1141.5","1136.4","1134","1133","2340.8","2230","2386.3","3611.2","2884","3313","3416","807.7","800","1213.2","1180.1","1015.6","1474","1114","750","762.7","761.1","764.7","754.5","757","759","1121.7","1264.5","1542.5","1460.2","1398.4","1109","1300","1595","1544","2193","2475","2100.4","3236","3337","1514","1403.8","1513.8","2131.2","1667.1","1438","1511","1014.4","1187","1294.6","1402.1","1146.9","958","983","775.6","824.3","902.9","947.4","996.4","930","893","836.6","878.2","975.2","1052.3","1044.2","859","847","1530","1479","2098","2366","2017.8","1964","2135","1750","1000","1024.7","1026.3","1022.5","1023","1000","779.2","777.8","882.4","882.4","872.8","874","871","1007.9","1027.6","1028.7","1131.7","1245","845.9","888.9","865.1","867.1","850","861","855","1000","950","1000","1000","937.5","958","960","1041.9","1048.3","1045.6","1119.7","1189.1","1093","1076","43421.9","51466.1","51713.7","50896.5","49915.8","55179","59024","NA","NA","NA","NA","NA","NA","NA","1638","1641.6","2078.9","2180","2571.1","2694","2439","1706.8","1517","2226.3","2325.3","2746.1","2402","2798","1867","1902","1885","1891","1900.1","4.4","NA","NA","NA","NA","NA","NA","455.7","474.1","494.1","NA","418.4","171.8","184.4","193.7","NA","205.2","NA","NA","65.3","NA","63.8","NA","NA","NA","NA","NA","10.3","10.3","NA","NA","10.3","10","10","NA","NA","10","24.1","15","NA","NA","15","913","895","596","630","NA","NA","NA","NA","1429","1414","1100","1081","804","809","2651","2494"
"Chhattisgarh","1119.8","1663.5","1597.4","1746.2","1766.5","1660","1597","1086.5","1144.4","1226.7","1396.2","1303.5","1388","1270","1255.3","1440.7","759.3","700","631.6","863","824","NA","NA","NA","NA","NA","1000","NA","1399.4","1807.2","1653.8","1935.6","2062.1","1886","1693","265.1","275.9","246.8","280.5","266.7","269","188","182.5","210.7","200","216.4","222.5","232","158","774.2","533.3","750","370.4","1423.1","1304","500","1089","1592","1535","1686","1717","1047","964","510","440","432.5","620","613","637","458","879.9","958.7","995","1069","771.1","1035","722","475.5","491.2","455.6","545.1","464.3","608","635","604.2","624","613.5","700.2","574.4","821","608","1008","1424","1384","1506","1524.5","1475","1395","1352.9","1462.1","1320.4","1379.4","1457","1412","1231","441.2","331.7","378.1","292.6","280.9","455","344","419.5","407.3","435.7","513.9","557.4","300","260.4","371.8","285.3","423.7","397","292","NA","291.7","0","#DIV/0!","NA","0","NA","607.1","686.2","549.8","722.7","640.4","599","501","2354.8","2626.5","2681.3","2763","2600","2665","2618","255","#","#","#","#","NA","NA","NA","NA","NA","NA","NA","NA","NA","321.4","360","385.7","334.3","330","344","345","NA","NA","NA","NA","NA","NA","NA","NA","NA","NA","NA","NA","NA","234","238.8","NA","239.9","NA","146.1","141.2","NA","146.8","NA","90","60","NA","100.1","NA","NA","NA","NA","NA","3.4","5","NA","NA","3.3","8.6","8.5","NA","NA","8.5","NA","13.2","NA","NA","11","316","300","262","430","177","160","753","576","0","500","575","517","200","300","344","345"
"Goa","2137.5","2467","2577.3","2679.4","2954.5","NA","NA","NA","NA","NA","NA","NA","NA","NA","NA","NA","NA","NA","NA","NA","NA","NA","NA","NA","NA","NA","NA","NA","6000","NA","NA","NA","NA","NA","NA","1000","500","933.3","1040.8","500","NA","NA","NA","NA","NA","NA","NA","NA","NA","NA","NA","NA","NA","NA","NA","NA","2141","2459","2572","2678","2953.3","NA","NA","NA","NA","NA","NA","NA","NA","NA","NA","NA","NA","NA","NA","NA","NA","1075.9","1012.7","800","901.5","1102.5","NA","NA","1082","1057.2","835.5","901.5","1102.5","NA","NA","1990","2264","2272","2361","2659","NA","NA","2806.6","2862.1","2500","2409.4","2544.4","NA","NA","NA","NA","NA","NA","NA","NA","NA","NA","NA","NA","NA","NA","NA","NA","NA","NA","NA","NA","NA","NA","NA","NA","NA","NA","NA","NA","2806.6","2862.1","2500","2409.4","2544.4","NA","NA","58111.1","54555.6","50630.4","53871.2","72126.4","NA","NA","NA","NA","NA","NA","NA","NA","NA","NA","NA","NA","NA","NA","NA","NA","NA","NA","NA","NA","NA","NA","NA","NA","NA","NA","NA","NA","NA","NA","NA","NA","NA","NA","NA","NA","125","130","NA","113.2","NA","NA","NA","NA","NA","34.4","34.4","34.2","NA","34.2","2.7","2.6","NA","NA","3.1","NA","NA","NA","NA","NA","NA","NA","NA","NA","NA","NA","NA","NA","NA","NA","NA","NA","NA","NA","NA","NA","NA","NA","NA","NA","NA","NA","NA","NA","NA","NA"
"Gujarat","1902.8","1852.2","2141.1","2198.3","2076.1","2329","2189","2678.8","3155","3014.1","2875","3255.2","2751","2919","1049.1","1112","1121","1337.5","1367.2","1350","1385","1232.1","1250","1419","1742.9","1743","1677","2004","1072.4","1637.3","1523.3","1727.1","1477.2","1652","1478","785.7","700","812.5","1000","1000","800","789","982.8","1117.6","927.5","934.8","1078.9","992","600","NA","NA","NA","NA","NA","NA","NA","1771","2096","2142","2219","2370.4","1585","1632","906","985.6","1053.3","1184.2","995.2","1098","1044","947","1136.4","1137.5","978","1251","1236","1330","450.7","572.1","528.5","515.4","592.7","631","616","705.3","812.4","815","867","896.7","972","890","1560","1843","1874","1970","2096.8","2016","1973","964.3","1863.8","1611.5","589.9","2668.2","2154","1668","355.6","439.4","473.7","257.6","512.7","564","404","1578.7","1565","1572.1","1694.8","1723.4","NA","NA","NA","NA","NA","NA","NA","1973.9","2008.1","2053.5","1988","2054","2036","1870","1108.8","1692.4","1608.1","1103.2","2231.4","1920","1603","80519.5","72421.1","63118.8","72102.3","54793.1","68894","70820","551","671.5","688.7","602.5","685","644","606","NA","NA","NA","NA","NA","NA","NA","NA","NA","NA","NA","NA","NA","NA","1629","1899","1766","1710","1751.8","NA","NA","NA","NA","NA","NA","NA","610.6","612","622.8","NA","635.4","275.7","289.5","295.8","NA","307.9","67.5","67.6","103.8","NA","64.2","NA","NA","NA","NA","NA","8.9","12.4","NA","NA","15.8","141","147","NA","NA","169.4","21.1","158.8","NA","NA","160.8","691","597","619","514","750","500","754","673","NA","1000","1422","1611","NA","NA","NA","NA"
"Haryana","3008.3","2788.8","3043.7","3272.4","3255.7","3113","3061","4213.5","4624.3","5030","4452.1","4721.9","3981","4407","500","500","507.7","500","555.6","520","528","1593.2","1792.7","2039.9","1910","2056.9","1749","1762","2250","1900","2666.7","2555.6","3000","2250","2833","NA","NA","NA","NA","NA","NA","NA","NA","NA","NA","NA","NA","NA","NA","3261.9","3486.5","3642.9","3479.2","3923.1","3182","3415","3461","3628","4007","3800","3963.5","1728","1781","1045.5","1080","1111.1","1086.1","1170.2","1098","1000","738.1","982.1","911.4","1127.7","903.6","646","643","576.9","564.1","421.7","605.2","648.7","667","918","757.6","898.5","705.6","800.5","819.5","674","692","3383","3526","3879","3689","3854.6","3427","3665","1000","1000","966.7","1142.9","1107.1","1135","1000","333.3","400","457.1","357.1","538.5","381","382","1655","1869","1396.3","1720.9","1638.7","NA","NA","NA","NA","NA","NA","NA","1250","1200","1000","1500","500","1500","1300","1645.1","1855.2","1394.2","1711.7","1637.2","1456","1608","72094.6","71082.4","73252.6","73633.7","73519.6","73907","70000","645.8","604.7","702.8","692.2","730.1","603","381","NA","NA","NA","NA","NA","NA","NA","NA","NA","NA","NA","NA","NA","NA","NA","NA","NA","NA","NA","NA","NA","NA","NA","NA","NA","NA","NA","NA","NA","NA","NA","215.1","221.5","220.7","NA","232.4","NA","NA","NA","NA","NA","NA","NA","NA","NA","NA","8.6","95.3","NA","NA","17.4","230","91.7","NA","NA","179.2","110","125.6","NA","NA","127","385","400","492","511","NA","NA","NA","NA","2767","2533","1432","1594","NA","NA","NA","NA"
"Himachal Pradesh","1380.8","1672.9","1704.5","1629.1","1624.9","1728","1588","927.9","1529.9","1670.8","1671","1873","1957","1968","NA","NA","NA","NA","NA","NA","NA","1082.6","500","541.7","555.4","545.5","541","499","1838.9","2263.5","2432.2","2232.8","2227.6","1979","2270","814.8","913","1152.3","906.1","985","984","880","352.9","595.3","601.8","682.7","685.3","685","606","764.2","1241.6","1377.6","1626.3","1626","1739","1619","1322","1813","1951","1868","1970","1936","2194","NA","NA","4.2","NA","NA","333","305","522.9","1000","970.6","1020.8","1000","922","1235","697","1231.2","967.7","1419.2","1776.3","1462","885","680.7","1212.6","953.6","1412.6","1763.4","1234","1066","1297","1787","1911","1849","1962.4","1896","1990","670","742.4","916.7","909.1","600","NA","710","103.8","343.8","338.7","354.2","347.6","350","843","287.4","531.9","619.4","520.5","483","225.1","272.7","285.7","327.3","254.5","235","276","NA","NA","NA","NA","NA","NA","NA","270","514","578.6","514.4","489.6","541","738","20727.3","22529.4","13713.6","22345.7","23175.3","23118","14175","37.8","#","#","#","#","NA","NA","NA","NA","NA","NA","NA","NA","NA","NA","NA","NA","NA","NA","NA","NA","NA","NA","NA","NA","NA","2.6","NA","NA","NA","NA","NA","NA","NA","NA","NA","NA","32.9","NA","137.3","128.8","NA","126.7","NA","NA","NA","NA","NA","NA","NA","NA","NA","NA","2.6","14.5","NA","NA","3.2","5.3","5.3","NA","NA","5.5","87.9","76.9","NA","NA","23.7","450","1514","428","332","NA","NA","1450","1705","NA","NA","543","706","NA","NA","NA","NA"
"Jammu & Kashmir","1913.8","1942.5","2077.6","3126.4","2250","1871","1553","1003.4","1535","1689.3","1594.8","2060.7","979","1550","568.2","526.3","NA","NA","NA","NA","500","628.5","598.1","591.3","598.3","594.6","594","597","1565.8","1712.1","1608.1","1647.7","1776.2","1204","1566","NA","NA","NA","NA","327.6","473","492","505","493.9","540.6","494.5","472.5","360","261","552.1","651.2","577.2","582.6","567.1","602","642","1436","1673","1723","2005","1954.2","1131","1455","NA","NA","NA","NA","NA","NA","NA","500","545.5","582.5","542.2","NA","NA","542","457.9","586.2","500","530.4","535","564","444","456.3","583.7","508.2","530.5","535","380","444","1405","1639","1690","1962","1914.6","1275","1490","NA","NA","NA","NA","642.9","NA","5000","439.2","441","439.5","436.3","436.1","412","411","788.1","850.7","850.9","817.4","935.2","577.8","797.5","1156.8","581.8","500","938","933","NA","NA","NA","NA","NA","NA","NA","762.9","821","826.4","788.5","895.1","682","677","2000","1666.7","1578.9","NA","1000","1502","1436","NA","NA","NA","NA","NA","NA","NA","NA","NA","NA","NA","NA","NA","NA","NA","NA","NA","NA","NA","NA","NA","NA","NA","NA","NA","NA","NA","NA","NA","NA","NA","NA","NA","NA","NA","NA","NA","NA","NA","188.8","181.4","NA","184.2","NA","NA","NA","NA","NA","NA","NA","NA","NA","NA","10","10","NA","NA","9.6","NA","NA","NA","NA","10","NA","NA","NA","NA","11.8","331","NA","179","425","NA","77","NA","NA","NA","NA","700","697","NA","NA","NA","NA"
"Jharkhand","1546.1","1541","2131","2237.5","2238","2238","1814","1738","1642.4","1908.4","1944.3","2122.6","1931","1701","500","362.7","502.3","746.7","552","530","569","574.1","703.7","519.6","473.8","515.2","508","458","1168.5","1215","1492","1811.5","2012.3","1763","1304","548.1","522.2","661.7","842.4","734","837","606","477.9","480","NA","NA","NA","NA","NA","923.9","NA","NA","NA","NA","NA","NA","1480","1450","2027","2142","2180.9","1714","1268","870.5","685.9","904.3","1034.4","1042.4","1018","896","914.1","1051.5","1066.7","1174","1166.1","1160","1053","589","734.1","772.3","966.5","895.2","859","941","708.5","773.5","885.1","1038","1020.8","1004","920","1330","1257","1798","1876","1890.8","1872","1544","755.8","913.7","1196.5","1170.5","1193.7","1013","830","303.5","363.6","365.5","353.9","375.5","359","403","578.4","652.8","670.2","783.3","629.2","426.6","515.7","531.1","645","568.5","709","560","7000","481.5","487.8","381","476.6","561","NA","562.1","624.5","679.5","787.1","663","664","681","68769.2","69287.9","69215.8","69041.9","69214.9","69500","69500","NA","NA","NA","NA","NA","NA","NA","NA","NA","NA","NA","NA","NA","NA","900","NA","NA","NA","NA","NA","NA","NA","NA","NA","NA","NA","NA","NA","NA","NA","NA","NA","NA","NA","213.3","NA","NA","23.9","150","152.6","141.7","NA","133.1","NA","NA","NA","NA","NA","NA","NA","NA","NA","NA","NA","NA","NA","NA","NA","NA","NA","NA","NA","NA","NA","NA","NA","NA","NA","846","760","785","738","603","668","802","651","513","565","625","686","830","NA","NA","NA"
"Karnataka","2482.2","2719.5","2793.1","2632.2","2666.1","2670","2547","886.9","1094.1","857.8","795.6","1004.8","1318","1012","1027","1180.2","1021","1041.2","1156.3","1121","1052","501.6","1080.9","972","1036.4","1182.1","1060","875","2429.8","3450.3","3028.2","2628.6","2893.6","3152","2773","1715","2015.2","1870.6","1511.6","1759","1833","1662","407.4","510.1","500","500","541.7","522","393","NA","NA","NA","NA","NA","NA","NA","1796","2260","2140","1909","2104.8","2074","1814","466.9","593.7","461.5","555","713","651","406","590.5","658","583","642.9","756.9","718","654","290.1","429.9","425.6","421.9","408","522","487","451","560.5","492.5","555","640.7","599","500","1377","1684","1629","1488","1619.6","1687","1393","625.9","875","716.4","670.6","862.6","768","821","407.9","586.2","500","524","561","500","440","400","500","250","500","333.3","333.3","363.6","222.2","333","333.3","400","265","666.7","842.1","875","636.4","916.7","583","556","502.2","782","665.3","646.7","824.1","698","651","90335.3","93751.8","90251.2","84075.3","90250","91200","85500","323","374.3","368.2","439.9","481.5","449","430","NA","NA","NA","NA","NA","NA","NA","180","90","180","NA","NA","180","NA","771","1072","922","632","825.7","29.4","27","NA","NA","24.9","30","29","204.2","203.8","255.7","NA","260.5","56.8","100.3","107.3","NA","132.6","35.7","35.7","74.1","NA","67.1","2.2","3.7","7.6","NA","2.8","11.3","11.5","NA","NA","12.5","46.4","61.4","NA","NA","46.8","4.3","28.6","NA","NA","31.9","300","225","202","157","273","167","738","558","579","503","500","500","818","741","180","NA"
"Kerala","2556.8","2452","2733.3","2576.7","2551","2837","2834","NA","NA","NA","NA","NA","NA","1440","746","500","785.7","550","666.7","738","829","NA","NA","NA","NA","NA","NA","NA","NA","NA","NA","NA","2000","1030","1243","682.6","666.7","1080","1100","1219.5","987","1156","1000","738.1","909.1","1000","875","778","741","NA","NA","NA","NA","NA","NA","NA","2534","2429","2727","2571","2548.5","855","976","1495.8","1489.5","1693.3","1588.2","898.9","1848","1808","NA","NA","NA","NA","NA","895","936","818.2","0","0","703.1","956.7","1087","1848","991.4","777.6","747.1","1041.8","1090.8","1162","1238","2470","2400","2695","2547","2529.8","2823","2819","NA","NA","1317.6","1272.3","1225.4","1442","1379","328.9","400","450","376.9","333.3","339","380","NA","NA","NA","NA","NA","NA","NA","NA","NA","NA","NA","NA","NA","NA","NA","NA","NA","NA","NA","624.7","1031.9","1230.4","1044.9","979.6","1052","1175","95000","95516.5","101165.4","95241.4","100235.3","97910","101165","221.1","#","#","#","#","NA","NA","NA","NA","NA","NA","NA","NA","NA","NA","NA","NA","NA","NA","NA","NA","1621","1778","1762","2000","NA","19.3","18.8","NA","NA","18.1","19","16","79.2","82","79.2","NA","153.3","NA","NA","NA","NA","170.7","50.7","50.7","51.9","NA","51.5","2.6","2.3","1","NA","4.6","9.7","16.2","NA","NA","9.6","23.7","25.5","NA","NA","26.2","44","52.6","NA","NA","47.9","NA","NA","NA","NA","NA","NA","1400","1400","NA","NA","NA","NA","NA","NA","NA","NA"
"Madhya Pradesh","872","1105.6","1340.1","1474","1474","1684","1768","1966.8","1757","2360","2478","2404.7","2850","2993","1266.9","1425.9","1557.7","2011.2","1465.6","1714","2000","1495.5","1897.7","1924","1567.7","2003.2","1978","2203","1255.8","1266","1492.1","1790.4","1767.3","1880","2350","250","250","333.3","250","500","273","246","273.8","347.5","331.2","364.4","503","585","407","1297.2","1310.4","1707.4","1707","1730.1","1256","1730","1558","1502","1952","2100","2051.4","1744","1994","850.6","337.4","624.8","661.6","715.5","981","1079","1070.8","863.3","1081","1218.5","1044","1039","1082","463.9","341.9","334.8","605.6","571.9","601","576","871.3","656","802.5","972","860.7","876","888","1285","1162","1510","1676","1603.2","1855","1935","1158.4","1496","1617.8","1515.3","1566.9","1602","1483","427.9","492.4","525.3","499.5","525","518","540","1073.9","1147.8","1107.8","1171.5","1108","436","338.4","473.8","523.2","498.2","541","471","285.7","400","285.7","600","500","476","400","1128.8","1143","1073.1","1231.2","858.1","1093","851","40821.3","40967.7","38685","44401.4","43415.4","41144","48841","238","523.1","481.6","615.1","572.2","544","652","NA","64","46.2","64.8","80.7","90","150","420","360","396","405","432","500","90","500","467","308","429","500","NA","NA","NA","NA","NA","NA","NA","442.4","452.6","551.6","NA","660.4","100.1","119.8","206.5","NA","211.1","NA","NA","NA","NA","NA","NA","NA","NA","NA","NA","7.7","16.6","NA","NA","17.2","8","4","NA","NA","4","2","12.4","NA","NA","16.7","499","601","477","428","372","325","1139","831","NA","1000","1006","1135","724","500","193","135"
"Maharashtra","1485","1776","1841.2","1963.4","1934.3","1899","1714","1609.6","1760.5","1557.5","1527.8","1460.3","1226","1205","853.9","850.2","821.3","612.1","792","641","467","740.8","1085","982.1","637.1","1034.1","622","529","2302.3","2920.3","2761.6","2219","2726.7","2045","1500","908.3","975","1061.5","NA","1127","1063","959","389.8","493.1","507.5","391.9","508.8","456","374","481.5","500","333.3","NA","NA","NA","NA","1169","1370","1355","1187","1420.2","923","710","840.8","749.6","706.4","818.6","906.2","600","450","862.9","904","775.5","762.5","891.2","762","507","339.7","634.8","588.5","499","517.1","353","379","702","767.7","692.9","704.3","801.7","602","420","1039","1184","1155","1038","1207.1","988","797","1118.4","1288.5","1158.4","1055.6","1247.6","1159","988","272.7","357.1","326.1","300","275","190","130","333.3","375","307.7","222.2","400","250","256.4","258.1","296.3","258.1","208","188","285.7","400","375","277.8","357.1","235","313","724.5","1394.2","1223.1","1336.5","1276.3","672","566","84866.4","84866","84866","74649.6","82071.5","82232","73207","285","366.6","296.7","313.9","358.2","284","289","NA","NA","NA","NA","NA","NA","NA","260","280","228","279","286.4","NA","NA","1133","990","1162","1000","NA","NA","NA","NA","NA","NA","NA","NA","611.8","524.8","526.2","NA","582","NA","176.7","200","NA","185","57.1","57.1","57.1","NA","45.9","NA","NA","NA","NA","NA","4.6","4.6","NA","NA","4.6","12.5","12.5","NA","NA","10","36.2","9.8","NA","NA","9.8","332","211","267","187","188","214","655","557","402","200","200","222","343","213","NA","NA"
"Manipur","18.9","24.5","26.4","NA","1788.4","NA","NA","NA","2500","2497.7","2500","2497.8","NA","NA","NA","NA","NA","NA","NA","NA","NA","NA","NA","NA","NA","NA","NA","NA","24.4","18.6","NA","NA","2246.5","NA","NA","NA","NA","NA","NA","NA","NA","NA","NA","NA","NA","NA","NA","NA","NA","NA","NA","NA","NA","NA","NA","NA","1904","2397","2562","2133","1842.3","NA","NA","NA","NA","NA","NA","NA","NA","NA","NA","NA","NA","984.6","875","NA","NA","496.6","888.9","964.3","934.6","936.6","NA","NA","496.6","897.3","942.1","935.6","932.5","NA","NA","1796","2244","2397","1926","1745.4","NA","NA","NA","612.1","726.9","2400","805","NA","NA","1000","441.2","488.4","1457.1","NA","NA","NA","500","779.4","763.6","839.2","836.8","NA","NA","NA","NA","NA","NA","NA","NA","NA","NA","NA","NA","NA","NA","777.8","773.6","787.6","728.8","839.9","NA","NA","35500","57944.2","57913","56670.9","58001.7","NA","NA","NA","NA","NA","NA","NA","NA","NA","NA","NA","NA","NA","NA","NA","NA","NA","NA","NA","NA","NA","NA","NA","NA","NA","NA","NA","NA","0.7","NA","NA","NA","NA","NA","NA","NA","10.3","136.7","NA","135","NA","75","NA","NA","NA","NA","NA","NA","NA","NA","NA","NA","NA","NA","NA","6","6","NA","NA","6","NA","117.1","NA","NA","117.1","216.5","16","NA","NA","16","NA","NA","NA","NA","NA","NA","NA","NA","NA","NA","NA","NA","NA","NA","NA","NA"
"Meghalaya","1910.3","1911.6","1988.3","2125.4","2493","NA","NA","1772.8","1791.3","1564.1","1806.3","1881","NA","NA","NA","NA","NA","NA","NA","NA","NA","NA","NA","NA","NA","NA","NA","NA","1528.8","1499.2","1529.1","1554","2199.7","NA","NA","NA","NA","NA","NA","NA","NA","NA","799.7","759.7","771.3","767.5","871.9","NA","NA","NA","NA","NA","NA","NA","NA","NA","1838","1836","1904","2024","2416","NA","NA","783.6","750","759.5","1151.9","NA","NA","NA","620.3","500","625","611.1","988.9","NA","NA","1115.4","1115.4","1000","1070.2","NA","NA","NA","880.8","849.3","896.4","1019.4","1091.8","NA","NA","1809","1803","1873","1997","2387","NA","NA","NA","NA","NA","NA","NA","NA","NA","536.3","568.2","544.3","529","886.4","NA","NA","680.4","680.6","679.7","671.8","937.5","467.5","390","500","400","555.6","NA","NA","551.7","480","333.3","481.5","833.3","NA","NA","701.3","704.5","766.1","694.6","1029.9","NA","NA","2623.4","2000","2714.3","2676.1","2900","NA","NA","135.5","#","#","#","#","NA","NA","1589.9","1585.6","1600","1608","1800.6","NA","NA","796.7","799","777.3","804.6","1050.9","NA","NA","672","667","667","681","NA","3.7","NA","NA","NA","NA","NA","NA","NA","111.7","117.1","NA","122.8","NA","90","91.7","NA","98.6","NA","NA","NA","NA","NA","5.2","5.2","NA","NA","6.7","7.5","7.7","NA","NA","7.8","50.9","51.1","NA","NA","57.7","37","57","NA","NA","65.3","NA","NA","NA","NA","NA","NA","NA","NA","NA","NA","NA","NA","NA","NA","NA","NA"
"Mizoram","938.8","1160.3","1410.9","2087.7","1522.1","NA","NA","NA","NA","NA","NA","NA","NA","NA","NA","NA","NA","NA","NA","NA","NA","NA","NA","NA","NA","NA","NA","NA","1346.6","1507.8","1214.5","1314.1","1420.4","NA","NA","NA","NA","NA","NA","NA","NA","NA","NA","NA","NA","NA","NA","NA","NA","NA","NA","NA","NA","NA","NA","NA","1001","1223","1381","1860","1508.9","NA","NA","NA","NA","NA","NA","NA","NA","NA","NA","NA","NA","NA","NA","NA","NA","1666.7","1538.5","1250","1061.5","1467.5","NA","NA","1666.7","1534.2","1389","1061.5","1467.5","NA","NA","1045","1246","1382","1756","1505.6","NA","NA","NA","NA","NA","NA","NA","NA","NA","654.2","588.2","631.6","724.6","740.3","NA","NA","750","750","944.4","689.7","1100","NA","NA","NA","NA","NA","NA","NA","NA","NA","NA","NA","NA","NA","NA","1106.2","1202.5","967.3","1078","1146.3","NA","NA","8857.1","5642.9","5283.7","5143.9","4908.5","NA","NA","637.5","#","#","#","#","NA","NA","NA","NA","NA","NA","NA","NA","NA","NA","NA","NA","NA","NA","NA","NA","670","646","893","714","NA","0.9","6","NA","NA","NA","NA","NA","NA","119","119","NA","130","NA","NA","NA","NA","125","NA","NA","NA","NA","27.3","14","1.7","NA","NA","1.4","6.2","55","NA","NA","9.1","41.4","50","NA","NA","38","34.1","50","NA","NA","39","NA","NA","NA","NA","NA","NA","NA","NA","NA","NA","NA","NA","NA","NA","NA","NA"
"Nagaland","14.3","21","21.1","NA","2267.5","NA","NA","1200","1711.5","1711.1","1801.2","1823.3","NA","NA","416.7","1100","916.7","944.4","NA","NA","NA","NA","857.1","861.5","1014.7","1014.5","NA","NA","1074.9","1958.2","1960","1960.8","1969.2","NA","NA","NA","933.3","935.5","935.5","937.5","NA","NA","360.8","954.7","944.8","1120","1124.6","NA","NA","NA","1521.7","1587","1000","1018.9","NA","NA","1285","2011","2020","2098","2142.3","NA","NA","703.3","840","853.2","899.3","895.6","NA","NA","666.7","714.3","720","842.1","837.8","NA","NA","1090.3","1100.3","1142.9","1116.9","1150.3","NA","NA","1036.1","1058.4","1091","1095.9","1124.2","NA","NA","1256","1902","1920","1967","2017.8","NA","NA","785.7","1000","1013.3","1012.3","1023.3","NA","NA","500","605.2","600","601.7","602.2","NA","NA","800.3","1000","1004.8","1009.2","1010.3","688.6","807","806.6","806.6","802.8","NA","NA","NA","666.7","678.6","666.7","666.7","NA","NA","834.8","1039.8","1043.4","1046.7","1048.5","NA","NA","29980.4","43000","43512.8","43519.7","43524.2","NA","NA","75.6","#","#","#","#","NA","NA","276.9","324","324.5","342.7","342.8","NA","NA","NA","337.5","345.2","198.9","199.7","NA","NA","NA","NA","NA","NA","NA","0.9","NA","NA","NA","NA","NA","NA","NA","196.7","184.4","NA","150","NA","50","66.7","NA","135.1","NA","3.3","NA","NA","77.4","NA","0.5","NA","NA","0.4","12.5","12.5","NA","NA","12.5","50","41.7","NA","NA","41.7","57.9","66.6","NA","NA","67.7","NA","NA","NA","NA","NA","NA","NA","NA","NA","NA","NA","NA","NA","NA","NA","NA"
"Odisha","1584.7","1615.8","1450.1","1813.5","1821.3","1992","1491","1450","1458","1643.8","1894.2","1573.5","1650","1146","640.1","606.7","630.4","625.4","624.7","626","626","604.3","636.4","614.9","609.8","610.6","613","611","2157.2","2549.1","2062.9","2407.9","2771.3","2053","1994","637.8","708.7","561.9","770.2","809.5","739","620","567.4","462.2","520.3","509.8","502.1","503","501","NA","NA","NA","NA","NA","NA","NA","1576","1620","1447","1804","1820.1","1401","1163","841.2","915.8","811.7","912","896","898","886","748.4","780.4","764.6","774","768","770","775","368.3","384.6","361.3","409.2","434.8","553","311","460.4","485.7","470.9","513","536.9","532","428","1397","1432","1303","1592","1625.3","1738","1226","1169.1","1176.2","1189.5","1230.6","1448.8","1268","1091","230.6","224.2","181","244.9","238.3","257","214","210.9","207.5","211.8","275.5","269.3","451.4","458.9","470.5","482","478.2","478","480","628.9","613.5","635.7","644.3","638.6","638","633","589.1","619.2","661.2","699.8","755.5","667","642","61237.5","68908.4","61014.5","65545.1","65905","71929","64415","463.7","574.3","541.7","571.4","409.9","535","544","1886.9","2044.1","1476.8","1748.4","1810.1","1715","2181","849","868.5","873","875","884","890","875","752","861","835","567","NA","NA","NA","NA","NA","NA","NA","NA","NA","181.1","180.7","NA","190.2","NA","136.4","143.6","NA","166.6","37.3","37.3","47.8","NA","44","NA","NA","NA","NA","NA","8.4","8.6","NA","NA","9.3","24.1","137.1","NA","NA","121","NA","19.4","NA","NA","22.1","337","446","356","294","362","353","632","NA","1195","1201","244","205","607","615","958","1033"
"Punjab","4010","3828","3741","3997.9","3951.9","3838","3974","4306.9","4692.9","4898","4724.1","5017.1","4294","4596","1000","NA","NA","NA","NA","NA","NA","1333.3","1000","1000","1000","1000","NA","NA","3417.3","3691.7","3984.1","3682.2","3900","3651","3687","NA","NA","NA","NA","NA","NA","NA","344.8","NA","NA","NA","NA","NA","NA","3357.1","3666.7","3916.7","3615.4","3833.3","3582","3574","4154","4291","4374","4382","4525.3","3645","3678","956.5","928.6","1000","903.2","896.6","923","1000","1133.3","1285.7","1000","1400","1210.5","1056","1176","816","746.7","714.3","799.3","854.7","NA","1158","886.7","910.4","789.5","823","872.2","846","895","4144","4280","4364","4347","4500","4054","4273","1240","1772.7","1500","1764.7","1846.2","1857","1900","356.2","403.5","400","333.3","341.5","298","340","1300","1322.6","1275.9","1281.3","1306.3","500","NA","NA","NA","#DIV/0!","NA","NA","NA","NA","NA","NA","NA","NA","NA","1353.9","1336.4","1360","1350.2","1334.7","1265","1318","61666.7","59571.4","70662.5","71313.3","75000","74883","73067","667.4","673.6","698.2","708.3","750.1","648","226","NA","NA","NA","NA","NA","NA","NA","NA","NA","NA","NA","NA","NA","NA","NA","NA","NA","NA","NA","NA","NA","NA","NA","NA","NA","NA","NA","NA","NA","NA","571.6","254.7","248.6","250.5","NA","250.9","NA","NA","NA","NA","NA","NA","NA","NA","NA","NA","16.6","16.7","NA","NA","16.7","NA","NA","NA","NA","35.7","NA","NA","NA","NA","NA","545","550","833","868","NA","NA","NA","NA","1765","1831","1248","1329","NA","NA","NA","NA"
"Rajasthan","1515","2025.1","1886","1771","2147","2186","2022","3132.9","2910","3175","3028","3083","2961","3175","145","700.1","740.6","617.9","615.4","763","545","393.7","832","915","971.9","818","1093","872","1044.5","1795.9","1594.3","1779.7","1621","1740","1374","NA","NA","NA","NA","NA","NA","NA","139","535.4","329.3","615.5","330.4","378","480","2774.4","2911","2838.5","2768.6","3045.9","2803","3198","1191","1510","1707","1790","1671.3","1249","1014","381.3","760.6","666.3","879.3","649.4","735","548","604.5","897.6","740","1019.5","852.8","725","852","66.2","555.6","451.9","336.4","372.2","783","342","203.9","685.6","545.6","602.9","593.4","580","504","931","1250","1348","1480","1334.1","1529","1393","NA","NA","1926.1","1548.9","1950.1","2019","2028","162.5","408","324.4","294","199.8","341","314","1276.3","1187.9","1189.4","1345.7","1233.3","2005.8","1235.3","1066","962.3","1350.7","1285","1013","735.5","1416.8","1408","1529.6","1465.4","1481","1410","1066.3","1203.4","1242.7","1295.7","1144.1","1192","1181","57416.7","66890.9","70292.8","73056.4","68988.6","73390","73404","345.4","456.7","482.9","528.9","556.7","533","501","NA","NA","NA","NA","NA","NA","NA","NA","NA","NA","NA","NA","NA","NA","983","1023","1214","1743","1594.6","NA","NA","NA","NA","NA","NA","NA","NA","NA","NA","NA","181.4","NA","69.1","148.3","NA","119.1","NA","NA","NA","NA","NA","NA","NA","NA","NA","NA","13.2","10.8","NA","NA","16.8","25.8","25.6","NA","NA","27.9","22.2","21.9","NA","NA","20.5","556","384","515","439","NA","NA","1036","829","NA","NA","1170","1282","NA","NA","NA","NA"
"Sikkim","1869.2","1727.3","1729.9","1790.3","1815.4","NA","NA","1134.6","1022.6","1060","1057.7","1083.3","NA","NA","NA","NA","NA","NA","NA","NA","NA","NA","NA","NA","NA","NA","NA","NA","1670.9","1648","1657.3","1700","1723.8","NA","NA","1162.8","966.7","932.7","#DIV/0!","961.4","NA","NA","909.1","1150.3","962.7","969.4","1003.4","NA","NA","1200","937.5","965.5","1000","1017.2","NA","NA","1601","1563","1557","1682","1646.7","NA","NA","NA","NA","NA","NA","NA","NA","NA","NA","NA","NA","NA","NA","NA","NA","977.3","909.1","857.1","915.2","925.4","NA","NA","977.3","899.2","903.1","915.2","925.4","NA","NA","1496","1448","1495","1608","1576.7","NA","NA","NA","NA","NA","NA","NA","NA","NA","NA","NA","NA","NA","NA","NA","NA","913.8","792.5","800.7","799.1","830.5","NA","NA","NA","NA","NA","NA","NA","NA","NA","NA","NA","NA","NA","NA","959.2","831.6","840.7","862.9","886.8","NA","NA","NA","NA","NA","NA","NA","NA","NA","NA","NA","NA","NA","NA","NA","NA","NA","NA","NA","NA","NA","NA","NA","NA","NA","NA","NA","NA","NA","NA","NA","NA","NA","NA","NA","4","NA","NA","NA","NA","NA","NA","NA","30","20","NA","23.9","NA","51.1","47","NA","48.7","NA","NA","NA","NA","NA","NA","NA","NA","NA","NA","NA","NA","NA","NA","NA","34.3","34.9","NA","NA","NA","53.2","53.9","NA","NA","56","NA","NA","NA","NA","NA","NA","NA","NA","NA","NA","NA","NA","NA","NA","NA","NA"
"Tamil Nadu","3069.7","3039.5","3917.8","2712.4","3100","3191","3918","NA","5","NA","NA","NA","NA","NA","929.1","1014.5","1277.4","851.2","1295.1","1475","1558","1512.3","1563.6","2452.3","1326.1","2158.2","3077","2613","4685.3","4457.7","6041.7","3251.9","5372.2","6423","6549","1976.2","2260.2","2715.4","1967.1","3052.6","3348","2875","939.6","1042.6","1210.3","1009.5","1085.1","1263","1101","NA","NA","NA","NA","NA","NA","NA","2925","2897","3849","2542","3113.7","3657","3759","765.3","662","869.9","785.3","967","1064","957","613.5","671.2","642.6","644.9","653.2","645","648","358.2","366.4","532.1","378","736.5","658","503","381.7","386.3","552.4","413.5","752.4","852","619","2477","2393","3162","2131","2553.7","2720","3090","2155.5","2322.9","2750.6","2315","2720.8","2753","2509","465.9","527.1","612.5","517.9","595.7","697","568","333.3","233.3","228.6","229.5","241.4","NA","NA","NA","NA","NA","NA","NA","306.1","309.9","309.7","310.3","311.9","312","310","1898.4","2076.5","2479.5","2102.6","2362.3","2374","2230","101451.6","108391.8","111377.8","97687.8","103574.8","106788","102998","367.6","627","575.2","664.1","456.3","624","442","NA","NA","NA","NA","NA","NA","NA","NA","NA","NA","NA","NA","NA","NA","1523","1512","1526","1529","1525.5","22.2","21.1","NA","NA","25.1","24","23","438.1","660.2","518.2","NA","478.7","NA","194","210","NA","216.1","94.7","94.7","104.8","NA","102.4","2.3","2","36.7","NA","2.3","6.2","5.5","NA","NA","4.6","55.4","54","NA","NA","60","189.9","183.6","NA","NA","96.4","960","673","787","536","NA","NA","NA","NA","1409","1089","233","229","NA","NA","NA","NA"
"Telengana","NA","NA","NA","NA","NA","3138","2830","NA","NA","NA","NA","NA","1167","1000","NA","NA","NA","NA","NA","1051","961","NA","NA","NA","NA","NA","1000","1000","NA","NA","NA","NA","NA","3335","3030","NA","NA","NA","NA","NA","1000","1000","NA","NA","NA","NA","NA","NA","1000","NA","NA","NA","NA","NA","NA","NA","NA","NA","NA","NA","NA","3066","2766","NA","NA","NA","NA","NA","495","419","NA","NA","NA","NA","NA","1373","700","NA","NA","NA","NA","NA","1000","932","NA","NA","NA","NA","NA","645","509","NA","NA","NA","NA","NA","2723","2300","NA","NA","NA","NA","NA","1910","1622","NA","NA","NA","NA","NA","417","214","NA","NA","NA","NA","NA","NA","NA","NA","NA","NA","NA","NA","NA","NA","NA","NA","NA","588","354","NA","NA","NA","NA","NA","1270","1105","NA","NA","NA","NA","NA","87974","69000","NA","NA","NA","NA","NA","377","370","NA","NA","NA","NA","NA","NA","NA","NA","NA","NA","NA","NA","NA","NA","NA","NA","NA","NA","NA","NA","NA","NA","NA","NA","NA","NA","NA","NA","NA","NA","350","NA","NA","NA","NA","200","NA","NA","NA","NA","103.2","NA","NA","NA","NA","NA","NA","NA","NA","NA","35.4","NA","NA","NA","NA","50.8","NA","NA","NA","NA","71.9","571","563","500","514","NA","NA","1083","1037","1389","1250","2000","1000","750","500","NA","NA"
"Tripura","2606.1","2655.3","2700.4","2799.8","2799.7","NA","NA","1983.5","2025.4","2000","2000","2000","NA","NA","NA","NA","NA","NA","NA","NA","NA","NA","NA","NA","NA","NA","NA","NA","1005.9","1322.2","1352.9","1294.8","NA","NA","NA","NA","NA","NA","NA","NA","NA","NA","NA","NA","NA","NA","NA","NA","NA","NA","NA","NA","NA","NA","NA","NA","2591","2639","2681","2777","2772.3","NA","NA","725.4","750","746.9","749.3","716.9","NA","NA","666.7","666.7","733.3","774.4","769.2","NA","NA","703.7","633.3","714.3","693.7","718.5","NA","NA","713.2","706.1","697.3","705.1","718.5","NA","NA","2545","2587","2620","2711","2680.3","NA","NA","1061.9","1166.7","1220.3","1228.6","1180.3","NA","NA","569.8","586.5","567","0","606.4","NA","NA","767.2","750","788.7","798.6","824.4","NA","NA","NA","NA","NA","NA","NA","NA","NA","NA","NA","NA","NA","NA","717","731.8","751.1","505.6","759.5","NA","NA","51095.6","51645.6","48913","50540.6","51666.7","NA","NA","253.3","#","#","#","#","NA","NA","1452.7","1527.5","1541.3","1479.4","1510.3","NA","NA","1301.6","1462.5","1488.6","2221","1482.4","NA","NA","500","500","500","NA","NA","7.6","NA","NA","NA","NA","NA","NA","NA","156.3","96.2","NA","98.4","NA","183.3","175.7","NA","176.4","13.8","13.8","30","NA","28.2","NA","6.3","NA","NA","6.3","12.6","15.9","NA","NA","15.7","41.2","50.9","NA","NA","50.7","52.4","40.7","NA","NA","42.2","NA","NA","NA","NA","NA","NA","NA","NA","NA","NA","NA","NA","NA","NA","NA","NA"
"Uttar Pradesh","2083.6","2119.9","2357.8","2459.6","2446.7","2072","2132","2846.3","3113.1","3113","3113","3038","2277","2786","884.8","1029.9","1109.4","1347.8","1048.5","994","677","1638","1665.2","1839","1951.2","2032.6","1899","1821","1465.4","1477.5","1662","1677.3","1703","1784","1848","1333.3","NA","NA","NA","NA","NA","NA","1285.7","666.7","888.9","1000","750","714","625","2117","2059","2557","2654.8","2866.2","1853","2169","2461","2605","2703","2752","2709.5","1776","1756","662.3","898.3","1043.8","1045","900.3","606","691","823.6","929.8","1185.4","1119.2","824","659","805","735.9","780.5","908.8","916.7","666.4","NA","842","748.4","831.8","992.6","985.2","736.4","612","654","2236","2386","2498","2542","2483.7","1972","2278","670.3","988.2","1000","1000","895.8","857","670","102.4","196.4","217.4","186","146.8","198","302","1112.6","1187.1","1136.2","1262.8","1113","441.2","453","451.6","433.3","384.6","600","460","NA","NA","NA","NA","NA","NA","NA","752.8","832.1","828.2","898.4","810","698","668","59251.4","56727.1","59583.3","59867.9","60452.7","62155","67029","170","#","#","#","#","NA","NA","NA","NA","NA","NA","NA","NA","NA","NA","NA","NA","NA","NA","NA","NA","2295","2026","2081","2146","5500","NA","NA","NA","NA","NA","NA","NA","NA","420.6","420.6","NA","429.2","248.7","243.8","248.7","NA","244.7","NA","NA","NA","NA","NA","NA","NA","NA","NA","NA","10","8.8","NA","NA","8.1","30","30","NA","NA","30","24.9","28.5","NA","NA","51.3","536","413","523","454","NA","NA","731","519","1333","1667","930","1015","NA","NA","NA","NA"
"Uttarakhand","2068","1901.2","2121.4","2206.4","2288.7","2307","2386","2139.2","2315.5","2379.4","2396.4","2421.8","1881","2225","NA","NA","NA","NA","NA","NA","NA","NA","NA","NA","NA","NA","NA","NA","1357.1","1500.9","1464.3","1437.2","1418.8","2070","1696","1234.8","1331","1392","1392.2","1372.3","1380","1411","972.2","1209.7","1222.2","1257.6","1210.9","1311","1271","1083.3","1251.5","1217.4","1372.5","1350.6","1149","947","1852","1906","2010","2040","2083.3","1414","1361","1000","705.9","1000","798.7","810.1","902","750","1000","785.2","1000","830.2","785.7","821","0","704.9","879.3","884.6","843.2","873.4","829","907","718.8","851.1","890.9","840.9","869","821","810","1780","1841","1945","1962","1994.6","1811","1967","2000","1090.9","1000","1163.5","1176.5","1103","2000","500","233.9","228.5","271.8","268.7","270","NA","800","802.8","866.7","933.1","738.7","NA","NA","NA","NA","#DIV/0!","NA","NA","NA","NA","NA","NA","NA","NA","NA","1137.9","1012.3","1081.9","1234.6","1070","938","1091","60854.2","60896","58435.2","61736.3","56971","60608","61608","NA","NA","NA","NA","NA","NA","NA","NA","NA","NA","NA","NA","NA","NA","NA","NA","NA","NA","NA","NA","NA","NA","NA","NA","NA","NA","1.2","NA","NA","NA","NA","NA","NA","NA","NA","35.6","NA","NA","NA","176.7","173.6","NA","165.8","NA","NA","NA","NA","NA","NA","NA","NA","NA","NA","NA","36","NA","NA","36","NA","87.1","NA","NA","18.6","80","79.8","NA","NA","99.5","757","600","NA","NA","NA","NA","1293","1286","NA","NA","716","1000","NA","NA","NA","NA"
"West Bengal","2547.2","2638.7","2688","2759.5","2787.7","2730","2883","2680.1","2760.1","2765.3","2786.1","2790.6","2807","2825","427.3","400","500","333.3","333.3","320","400","434","375","366.7","428.6","285.7","293","306","3942.3","3976.7","3721.8","3947.1","4059.1","4351","4615","1180.3","1179.5","978.6","1200","1095.1","1095","1136","1058.8","985.4","666.7","1084.3","974.8","988","925","1411.8","1383.4","1445.9","1458.3","1500","1500","1400","2573","2664","2706","2778","2811.3","4081","4305","727.5","1422.5","432","1433.6","1429.3","1436","1480","1107.8","1072.4","1049.4","1175.4","1175.3","1178","1185","781.5","858.1","658.4","916.4","807.8","864","786","825.2","897.5","706.1","952.3","843","941","800","2522","2601","2645","2717","2721.4","2698","2783","1716.1","1660.9","1939.3","2525.9","2544.1","2325","2372","823.9","920.9","918.1","941.6","961.5","952","941","1079.7","1021.4","908.1","1062.4","1065.7","295","341.5","359.2","349","200","364","388","350","600","NA","750","750","750","750","1065.1","1047.5","994.4","1162","1181.2","1161","1181","72521.7","75606.7","104567.2","100436.6","114273.1","118767","119232","430.3","#","#","#","#","NA","NA","2732.1","2576.7","2571.7","2568.1","2787.6","2647","2534","2503.3","2208.3","2135.8","#DIV/0!","2359.3","2280","2106","1477","1487","1541","1556","NA","19.4","20","NA","NA","22.2","23","23","239.6","240.5","239.5","NA","241.2","240","329.8","257.1","NA","219","85.7","85.7","87.2","NA","87.1","NA","NA","NA","NA","NA","15","15.1","NA","NA","15.7","23.3","24.2","NA","NA","26.6","21.4","21.4","NA","NA","21.7","724","727","807","713","700","738","701","708","1467","1417","1069","1090","1000","1000","2641","2526"
"A. & N. Islands","3059","2850.5","2960.5","2738.9","2029.4","NA","NA","NA","NA","NA","NA","NA","NA","NA","NA","NA","NA","NA","NA","NA","NA","NA","NA","NA","NA","NA","NA","NA","2000","2476.5","2125","2000","2253.8","NA","NA","NA","NA","NA","NA","NA","NA","NA","NA","NA","NA","NA","NA","NA","NA","NA","NA","NA","NA","NA","NA","NA","3034","2843","2944","2730","2032.9","NA","NA","546.7","NA","285.7","283","1500","NA","NA","NA","NA","NA","NA","NA","NA","NA","620.7","344.8","500","476.2","482.8","NA","NA","600","442.3","541.4","498.9","486.3","NA","NA","2399","2282","2515","2413","1929.7","NA","NA","NA","NA","NA","NA","NA","NA","NA","NA","NA","NA","NA","NA","NA","NA","NA","NA","NA","NA","NA","NA","NA","NA","NA","NA","NA","NA","NA","NA","NA","NA","NA","NA","NA","NA","NA","NA","NA","NA","NA","NA","20000","11500","14470.6","#DIV/0!","26429.6","NA","NA","NA","NA","NA","NA","NA","NA","NA","NA","NA","NA","NA","NA","NA","NA","NA","NA","NA","NA","NA","NA","NA","NA","NA","NA","NA","NA","NA","NA","NA","NA","NA","NA","NA","NA","85","97.5","NA","77.1","NA","NA","NA","NA","NA","25.8","30.1","32.7","NA","40.8","0.8","2","NA","NA","2.2","20","14.6","NA","NA","15.3","NA","60.3","NA","NA","58.8","90.1","87.7","NA","NA","88.8","NA","NA","NA","NA","NA","NA","NA","NA","NA","NA","NA","NA","NA","NA","NA","NA"
"Chandigarh","NA","NA","NA","NA","NA","NA","NA","NA","NA","NA","NA","NA","NA","NA","NA","NA","NA","NA","NA","NA","NA","NA","NA","NA","NA","NA","NA","NA","NA","NA","NA","NA","NA","NA","NA","NA","NA","NA","NA","NA","NA","NA","NA","NA","NA","NA","NA","NA","NA","NA","NA","NA","NA","NA","NA","NA","NA","NA","NA","NA","NA","NA","NA","NA","NA","NA","NA","NA","NA","NA","NA","NA","NA","NA","NA","NA","NA","NA","NA","NA","NA","NA","NA","NA","NA","NA","NA","NA","NA","NA","NA","NA","NA","NA","NA","NA","NA","NA","NA","NA","NA","NA","NA","NA","NA","NA","NA","NA","NA","NA","NA","NA","NA","NA","NA","NA","NA","NA","NA","NA","NA","NA","NA","NA","NA","NA","NA","NA","NA","NA","NA","NA","NA","NA","NA","NA","NA","NA","NA","NA","NA","NA","NA","NA","NA","NA","NA","NA","NA","NA","NA","NA","NA","NA","NA","NA","NA","NA","NA","NA","NA","NA","NA","NA","NA","NA","NA","NA","NA","NA","NA","NA","NA","NA","NA","NA","NA","NA","NA","NA","NA","NA","NA","NA","NA","NA","NA","NA","NA","NA","NA","NA","NA","NA","NA","NA","NA","NA","NA","NA","NA","NA","NA","NA","NA","NA","NA","NA","NA","NA","NA","NA","NA","NA","NA","NA","NA","NA","NA","NA","NA","NA","NA","NA","NA","NA","NA","NA","NA"
"D. & N. Haveli","10.8","19.3","1739.5","1928.1","1876.4","NA","NA","1500","2230.8","1928.6","2000","2000","NA","NA","800.4","1101.2","795.5","800","800","NA","NA","NA","NA","NA","NA","NA","NA","NA","NA","NA","1000","1000","1000","NA","NA","1054.9","1644.7","991.7","1028.8","1029.7","NA","NA","500","1000","1000","948.1","956.5","NA","NA","NA","NA","NA","NA","NA","NA","NA","1075","1871","1626","1818","1770.8","NA","NA","800","801","801.3","800","803.7","NA","NA","797.8","1000","1000","1000","1000","NA","NA","840.9","727.3","1500","922.7","932.5","NA","NA","828.7","898.3","938.8","901.4","898.3","NA","NA","1006","1533","1453","1585","1533.5","NA","NA","NA","NA","NA","NA","NA","NA","NA","NA","NA","1000","604.3","1000","NA","NA","NA","NA","NA","NA","NA","NA","NA","NA","NA","NA","NA","NA","NA","NA","NA","NA","NA","NA","NA","680","750","703.5","604.3","666.7","NA","NA","NA","NA","79403","80000","79403","NA","NA","NA","NA","NA","NA","NA","NA","NA","NA","NA","NA","NA","NA","NA","NA","NA","NA","NA","NA","NA","NA","NA","NA","NA","NA","NA","NA","NA","NA","NA","NA","NA","NA","NA","NA","NA","NA","NA","NA","NA","NA","NA","NA","NA","NA","NA","NA","NA","NA","NA","NA","NA","NA","NA","NA","NA","NA","NA","NA","NA","NA","NA","NA","NA","NA","NA","NA","NA","NA","NA","NA","NA","NA","NA","NA","NA","NA","NA","NA","NA","NA","NA","NA","NA","NA"
"Daman & Diu","1650","1650","1650","1712","1805","NA","NA","NA","NA","NA","NA","NA","NA","NA","NA","NA","NA","NA","NA","NA","NA","1667","1333","NA","NA","1393","NA","NA","NA","NA","NA","NA","NA","NA","NA","NA","NA","NA","NA","NA","NA","NA","NA","NA","NA","NA","NA","NA","NA","NA","NA","NA","NA","NA","NA","NA","1652","1609","1650","1669","1754","NA","NA","NA","NA","NA","NA","NA","NA","NA","NA","NA","NA","NA","NA","NA","NA","NA","NA","NA","NA","NA","NA","NA","846","846","NA","NA","NA","NA","NA","1361","1333","1650","1669","1754","NA","NA","NA","NA","NA","NA","NA","NA","NA","NA","NA","NA","NA","NA","NA","NA","NA","NA","NA","NA","NA","NA","NA","NA","NA","NA","NA","NA","NA","NA","NA","NA","NA","NA","NA","NA","NA","NA","NA","NA","NA","NA","NA","NA","NA","NA","NA","NA","NA","NA","NA","NA","NA","NA","NA","NA","NA","NA","NA","NA","NA","NA","NA","NA","NA","NA","NA","NA","NA","NA","NA","NA","NA","NA","NA","NA","NA","NA","NA","NA","NA","NA","NA","NA","NA","NA","NA","NA","NA","NA","NA","NA","NA","NA","NA","NA","NA","NA","NA","NA","NA","NA","NA","NA","NA","NA","NA","NA","NA","NA","NA","NA","NA","NA","NA","NA","NA","NA","NA","NA","NA","NA","NA","NA","NA","NA","NA","NA","NA","NA","NA","NA","NA"
"Delhi","2834.4","2786.7","2884.7","2935.3","4905.6","NA","NA","4352.1","4339.5","4348.7","4406.2","4418.1","NA","NA","969.8","965.8","965","965.5","910.5","NA","NA","1916.7","1851.9","1868.1","1875","2513.2","NA","NA","NA","36000","20750","NA","20750","NA","NA","NA","NA","NA","NA","NA","NA","NA","NA","NA","NA","NA","NA","NA","NA","NA","2702.7","2714.3","4000","3000","NA","NA","3670","3672","3586","3548","4060.5","NA","NA","1837.5","1750","1727.3","1724.1","NA","NA","NA","NA","881.6","7000","#DIV/0!","1500","NA","NA","NA","NA","NA","NA","NA","NA","NA","2007.5","1611.3","1938.9","2096.8","1500","NA","NA","3649","3647","3567","3531","4057.1","NA","NA","NA","NA","NA","NA","NA","NA","NA","NA","NA","NA","NA","NA","NA","NA","1256.4","1300","1250.6","1264.7","NA","NA","NA","NA","NA","NA","NA","NA","NA","NA","NA","NA","NA","NA","NA","1256.4","1300","1250.6","1264.7","NA","NA","NA","NA","NA","NA","NA","NA","NA","NA","NA","NA","NA","NA","NA","NA","NA","NA","NA","NA","NA","NA","NA","NA","NA","NA","NA","NA","NA","NA","NA","NA","NA","NA","NA","NA","NA","NA","NA","NA","NA","NA","NA","NA","NA","NA","NA","NA","NA","180","170","NA","231.9","NA","NA","NA","NA","NA","NA","NA","NA","NA","NA","NA","NA","NA","NA","NA","NA","NA","NA","NA","NA","NA","NA","NA","NA","NA","NA","NA","NA","NA","NA","NA","NA","NA","NA","NA","NA","NA","NA","NA","NA","NA"
"Lakshadweep","NA","NA","NA","NA","NA","NA","NA","NA","NA","NA","NA","NA","NA","NA","NA","NA","NA","NA","NA","NA","NA","NA","NA","NA","NA","NA","NA","NA","NA","NA","NA","NA","NA","NA","NA","NA","NA","NA","NA","NA","NA","NA","NA","NA","NA","NA","NA","NA","NA","NA","NA","NA","NA","NA","NA","NA","NA","NA","NA","NA","NA","NA","NA","NA","NA","NA","NA","NA","NA","NA","NA","NA","NA","NA","NA","NA","NA","NA","NA","NA","NA","NA","NA","NA","NA","NA","NA","NA","425","NA","NA","NA","NA","NA","NA","NA","NA","NA","NA","NA","NA","NA","NA","NA","NA","NA","NA","NA","NA","NA","NA","NA","NA","NA","NA","NA","NA","NA","NA","NA","NA","NA","NA","NA","NA","NA","NA","NA","NA","NA","NA","NA","NA","NA","NA","NA","NA","NA","NA","NA","NA","NA","NA","NA","NA","NA","NA","NA","NA","NA","NA","NA","NA","NA","NA","NA","NA","NA","NA","NA","NA","NA","NA","NA","NA","NA","NA","NA","NA","NA","NA","NA","NA","NA","NA","NA","NA","NA","NA","NA","NA","NA","23","NA","NA","NA","NA","NA","148","148","163","NA","190","NA","NA","NA","NA","NA","NA","NA","NA","NA","NA","NA","NA","NA","NA","NA","NA","NA","NA","NA","NA","NA","NA","NA","NA","NA","NA","NA","NA","NA","NA","NA","NA","NA","NA","NA","NA"
"Puducherry","2503.8","2596.2","2538","2856.9","3147.3","NA","NA","NA","NA","NA","NA","NA","NA","NA","1500","NA","NA","NA","NA","NA","NA","1850","2323.5","2666.7","NA","NA","NA","NA","NA","NA","NA","NA","NA","NA","NA","NA","2217.4","3000","2333.3","2000","NA","NA","NA","NA","NA","NA","NA","NA","NA","NA","NA","NA","NA","NA","NA","NA","2506","2595","2539","2862","3483.6","NA","NA","NA","NA","NA","NA","NA","NA","NA","NA","NA","NA","NA","NA","NA","NA","NA","NA","500","569.6","425","NA","NA","153.7","498.9","417.4","512.3","763.6","NA","NA","2297","2351","2269","2650","3043.3","NA","NA","2100","1960","1364.2","2150.3","2485.7","NA","NA","809.7","801.5","803.3","1052.6","842.1","NA","NA","NA","NA","NA","NA","NA","NA","NA","NA","NA","NA","NA","NA","NA","NA","NA","NA","NA","NA","NA","1636.5","1683.7","1231","1839.7","1907.4","NA","NA","137388.9","157327.5","147657.8","150229.9","150529.7","NA","NA","1360","#","#","#","#","NA","NA","NA","NA","NA","NA","NA","NA","NA","NA","NA","NA","NA","NA","NA","NA","NA","NA","NA","NA","NA","NA","NA","NA","NA","NA","NA","NA","NA","NA","NA","NA","337.8","NA","NA","NA","NA","NA","95.2","95.2","100","NA","119.8","5.8","10","NA","NA","10","NA","20","NA","NA","10","NA","NA","NA","NA","10","NA","NA","NA","NA","NA","NA","NA","NA","NA","NA","NA","NA","NA","NA","NA","NA","NA","NA","NA","NA","NA"
"Others","NA","NA","NA","NA","NA","2327","2425","NA","NA","NA","NA","NA","3598","4109","NA","NA","NA","NA","NA","881","804","NA","NA","NA","NA","NA","2180","1945","NA","NA","NA","NA","NA","1867","1879","NA","NA","NA","NA","NA","982","801","NA","NA","NA","NA","NA","1046","1398","NA","NA","NA","NA","NA","1131","1466","NA","NA","NA","NA","NA","1709","1673","NA","NA","NA","NA","NA","899","815","NA","NA","NA","NA","NA","942","905","NA","NA","NA","NA","NA","1127","1152","NA","NA","NA","NA","NA","1051","975","NA","NA","NA","NA","NA","2132","2181","NA","NA","NA","NA","NA","1292","1195","NA","NA","NA","NA","NA","659","614","NA","NA","NA","NA","NA","NA","NA","NA","NA","NA","803","559","NA","NA","NA","NA","NA","624","584","NA","NA","NA","NA","NA","990","847","NA","NA","NA","NA","NA","60765","61034","NA","NA","NA","NA","NA","494","340","NA","NA","NA","NA","NA","1359","1303","NA","NA","NA","NA","NA","832","955","NA","NA","NA","NA","NA","NA","NA","NA","NA","NA","20","21","NA","NA","NA","NA","NA","NA","NA","NA","NA","NA","NA","NA","NA","NA","NA","NA","NA","NA","NA","NA","NA","NA","NA","NA","NA","NA","NA","NA","NA","NA","NA","NA","NA","NA","NA","906","794","713","619","566","527","1182","812","625","592","952","1030","548","531","1142","1106"
